round_num,auc,auc_std,optimal_youden_index,optimal_youden_index_std,assay_source,model,llr_auc,num_positive,num_negative
1,0.5,0.0,0.0,0.0,MC4R,GOF/LOF,0.6895210241695177,260.0,697.0
2,0.5187540134399843,0.039914257144129016,165.0,116.47102644005504,MC4R,GOF/LOF,0.6895210241695177,260.0,697.0
3,0.5017421025552296,0.02271491461711121,160.0,140.37806096395548,MC4R,GOF/LOF,0.6895210241695177,260.0,697.0
4,0.5120243523380386,0.030714985578312915,227.6,90.07940941191833,MC4R,GOF/LOF,0.6895210241695177,260.0,697.0
5,0.5358747791528771,0.026638224276276695,144.8,76.25418021328404,MC4R,GOF/LOF,0.6895210241695177,260.0,697.0
6,0.5207386043650175,0.01997450036995865,138.6,64.84057371738778,MC4R,GOF/LOF,0.6895210241695177,260.0,697.0
7,0.5270419573599527,0.030164780366149103,235.2,107.05232365530419,MC4R,GOF/LOF,0.6895210241695177,260.0,697.0
8,0.529289585554863,0.012376967468542593,208.6,123.06421088196194,MC4R,GOF/LOF,0.6895210241695177,260.0,697.0
9,0.5344931842986625,0.021570764588291134,109.2,78.49968152801641,MC4R,GOF/LOF,0.6895210241695177,260.0,697.0
10,0.5308379191756467,0.025380711615304117,160.4,90.46988449202308,MC4R,GOF/LOF,0.6895210241695177,260.0,697.0
11,0.5373535277542063,0.016491136581067083,235.2,136.558412410221,MC4R,GOF/LOF,0.6895210241695177,260.0,697.0
1,0.5,0.0,0.0,0.0,MC4R,GOF_10%,0.5937498340739341,631.0,5671.0
2,0.5019129768980782,0.020421174823336403,629.4,391.71711731809734,MC4R,GOF_10%,0.5937498340739341,631.0,5671.0
3,0.5024261855143222,0.013754518900540186,465.4,326.3446031421387,MC4R,GOF_10%,0.5937498340739341,631.0,5671.0
4,0.5102309325424198,0.015794765023043736,721.4,205.90968894153573,MC4R,GOF_10%,0.5937498340739341,631.0,5671.0
5,0.5073304027302397,0.01178863898628744,302.0,204.99024367027812,MC4R,GOF_10%,0.5937498340739341,631.0,5671.0
6,0.5113923709418201,0.007620882703920877,661.0,224.78545326599763,MC4R,GOF_10%,0.5937498340739341,631.0,5671.0
7,0.5081532571640885,0.019588282945672428,510.6,387.87536658055507,MC4R,GOF_10%,0.5937498340739341,631.0,5671.0
8,0.5169897009647746,0.011174736324879843,529.8,230.16233401666747,MC4R,GOF_10%,0.5937498340739341,631.0,5671.0
9,0.5170740174137805,0.007416133410227348,508.8,357.01288492153896,MC4R,GOF_10%,0.5937498340739341,631.0,5671.0
10,0.5113035333404607,0.014356241975600228,506.0,291.4429618295834,MC4R,GOF_10%,0.5937498340739341,631.0,5671.0
11,0.5145505971985089,0.012962199465617318,386.4,332.89157393962375,MC4R,GOF_10%,0.5937498340739341,631.0,5671.0
1,0.5,0.0,0.0,0.0,MC4R,GOF_20%,0.6071188498562383,1261.0,5041.0
2,0.5014981837082716,0.011599196121236848,1064.6,691.5528179394544,MC4R,GOF_20%,0.6071188498562383,1261.0,5041.0
3,0.5035637273899545,0.007658187510636931,903.6,586.6411168678854,MC4R,GOF_20%,0.6071188498562383,1261.0,5041.0
4,0.5055234178906988,0.01036185872719635,1062.4,561.0711184867744,MC4R,GOF_20%,0.6071188498562383,1261.0,5041.0
5,0.50681076188996,0.00781602417641757,817.6,494.3852748616204,MC4R,GOF_20%,0.6071188498562383,1261.0,5041.0
6,0.5084069953736178,0.008061844219242062,762.2,462.6442477757613,MC4R,GOF_20%,0.6071188498562383,1261.0,5041.0
7,0.5135604302652595,0.021067743904382326,1098.4,573.1669041387509,MC4R,GOF_20%,0.6071188498562383,1261.0,5041.0
8,0.5170142321528994,0.013720771495964098,1223.8,506.545358284922,MC4R,GOF_20%,0.6071188498562383,1261.0,5041.0
9,0.5207513956865417,0.012842038461529754,830.4,623.4679622883601,MC4R,GOF_20%,0.6071188498562383,1261.0,5041.0
10,0.5160730437360272,0.013864255119647603,1144.0,527.3087330966556,MC4R,GOF_20%,0.6071188498562383,1261.0,5041.0
11,0.517793504153175,0.017200398079027807,799.2,570.3680390765247,MC4R,GOF_20%,0.6071188498562383,1261.0,5041.0
1,0.5,0.0,0.0,0.0,MC4R,LOF_10%,0.6716796133244989,5671.0,631.0
2,0.5073984255345313,0.010667442363921807,668.0,379.89011569136676,MC4R,LOF_10%,0.6716796133244989,5671.0,631.0
3,0.5061713647436179,0.011364139415335388,697.4,417.55574478146025,MC4R,LOF_10%,0.6716796133244989,5671.0,631.0
4,0.4959714521408836,0.016474665303770765,362.6,417.9722478825598,MC4R,LOF_10%,0.6716796133244989,5671.0,631.0
5,0.5249383968892954,0.008046575254381266,397.8,96.73778992720477,MC4R,LOF_10%,0.6716796133244989,5671.0,631.0
6,0.5083839309737803,0.008690143652744115,382.6,213.17082351954267,MC4R,LOF_10%,0.6716796133244989,5671.0,631.0
7,0.5172382096065601,0.020814250551964997,530.6,349.53082839715296,MC4R,LOF_10%,0.6716796133244989,5671.0,631.0
8,0.5236418844014061,0.00971741285619392,597.6,170.29034030149802,MC4R,LOF_10%,0.6716796133244989,5671.0,631.0
9,0.520176517241357,0.021642646297689666,429.0,195.96428245984012,MC4R,LOF_10%,0.6716796133244989,5671.0,631.0
10,0.5202098933823986,0.017473943174781705,443.0,268.28156850592626,MC4R,LOF_10%,0.6716796133244989,5671.0,631.0
11,0.52191832676737,0.019774375899774155,650.6,197.02994696238437,MC4R,LOF_10%,0.6716796133244989,5671.0,631.0
1,0.5,0.0,0.0,0.0,MC4R,LOF_20%,0.6647411920113908,5041.0,1261.0
2,0.5065761448352095,0.016082156154612143,872.8,612.4362824000551,MC4R,LOF_20%,0.6647411920113908,5041.0,1261.0
3,0.5045441268212482,0.009244820678345748,1360.6,581.6311545988574,MC4R,LOF_20%,0.6647411920113908,5041.0,1261.0
4,0.5052397865596968,0.018414783100288722,535.8,434.3077250061297,MC4R,LOF_20%,0.6647411920113908,5041.0,1261.0
5,0.5190968077569693,0.008526701661990422,1036.8,367.30191940690975,MC4R,LOF_20%,0.6647411920113908,5041.0,1261.0
6,0.5086853322050999,0.0060495501549510024,708.8,280.24400082785,MC4R,LOF_20%,0.6647411920113908,5041.0,1261.0
7,0.5229253742775729,0.01956016334343137,1265.8,462.9321764578479,MC4R,LOF_20%,0.6647411920113908,5041.0,1261.0
8,0.5249222426807248,0.012937650041260075,1310.4,362.0784445393014,MC4R,LOF_20%,0.6647411920113908,5041.0,1261.0
9,0.5219393254761258,0.016701430672476016,806.6,349.8896969046102,MC4R,LOF_20%,0.6647411920113908,5041.0,1261.0
10,0.5233023897330089,0.013610807883577708,1074.6,393.13076704831946,MC4R,LOF_20%,0.6647411920113908,5041.0,1261.0
11,0.5235522938646515,0.016735983818542247,1250.6,237.86508781239837,MC4R,LOF_20%,0.6647411920113908,5041.0,1261.0
1,0.5,0.0,0.0,0.0,HXK4,GOF/LOF,0.7719196167021728,1803.0,4687.0
2,0.520870196247549,0.015618502952466156,1137.8,480.13352309539897,HXK4,GOF/LOF,0.7719196167021728,1803.0,4687.0
3,0.5315594244656341,0.01432366139407159,1254.2,378.3625245713428,HXK4,GOF/LOF,0.7719196167021728,1803.0,4687.0
4,0.5285886054611998,0.026709535194721853,1343.6,704.9555305123862,HXK4,GOF/LOF,0.7719196167021728,1803.0,4687.0
5,0.53860579662502,0.018126398316095187,1188.8,365.32410268144093,HXK4,GOF/LOF,0.7719196167021728,1803.0,4687.0
6,0.5417369696314485,0.01488147346839856,1047.0,217.61433776293325,HXK4,GOF/LOF,0.7719196167021728,1803.0,4687.0
7,0.5440548394869839,0.019286568195889156,1304.4,240.74322420371462,HXK4,GOF/LOF,0.7719196167021728,1803.0,4687.0
8,0.5482115435407747,0.015055072665240065,1370.2,315.4143306826752,HXK4,GOF/LOF,0.7719196167021728,1803.0,4687.0
9,0.5448141511359375,0.01606731081994117,1470.8,362.52544738266306,HXK4,GOF/LOF,0.7719196167021728,1803.0,4687.0
10,0.5449005922025598,0.011314810317755043,1287.6,278.0167261155343,HXK4,GOF/LOF,0.7719196167021728,1803.0,4687.0
11,0.5479218500188038,0.009799659707424404,1003.6,435.5597547983514,HXK4,GOF/LOF,0.7719196167021728,1803.0,4687.0
1,0.5,0.0,0.0,0.0,HXK4,GOF_10%,0.6639591191643138,857.0,7713.0
2,0.5064647513736416,0.013340887122722819,813.6,230.8079288066162,HXK4,GOF_10%,0.6639591191643138,857.0,7713.0
3,0.5119548875488193,0.00657186115768482,931.0,412.1025357844817,HXK4,GOF_10%,0.6639591191643138,857.0,7713.0
4,0.5073729557104196,0.009930095567908664,652.4,363.7049628476356,HXK4,GOF_10%,0.6639591191643138,857.0,7713.0
5,0.5112801072464404,0.0072939237216969105,663.8,356.466969016766,HXK4,GOF_10%,0.6639591191643138,857.0,7713.0
6,0.5147029970196633,0.01305831361571717,603.8,203.3413386402283,HXK4,GOF_10%,0.6639591191643138,857.0,7713.0
7,0.516399891746705,0.005082200605531195,753.6,298.36688824331696,HXK4,GOF_10%,0.6639591191643138,857.0,7713.0
8,0.5229265244003061,0.00975872575862176,555.4,255.65660562559304,HXK4,GOF_10%,0.6639591191643138,857.0,7713.0
9,0.5179322375244179,0.011249061832887599,449.4,346.46110892854915,HXK4,GOF_10%,0.6639591191643138,857.0,7713.0
10,0.5168902871550045,0.007242986418251583,673.0,432.6274378723569,HXK4,GOF_10%,0.6639591191643138,857.0,7713.0
11,0.5194162585525607,0.012405741115483405,512.6,334.3640231843133,HXK4,GOF_10%,0.6639591191643138,857.0,7713.0
1,0.5,0.0,0.0,0.0,HXK4,GOF_20%,0.6889218141763416,1714.0,6856.0
2,0.5118433026961633,0.012788086353022034,1232.8,688.5402675225321,HXK4,GOF_20%,0.6889218141763416,1714.0,6856.0
3,0.5198350486452422,0.010415606454755467,1475.8,631.2037705844286,HXK4,GOF_20%,0.6889218141763416,1714.0,6856.0
4,0.5174718490547419,0.019052447594555627,1386.0,698.3870703270501,HXK4,GOF_20%,0.6889218141763416,1714.0,6856.0
5,0.5251710223391235,0.012820903912296391,1304.4,379.2351513243465,HXK4,GOF_20%,0.6889218141763416,1714.0,6856.0
6,0.5281362411672184,0.00978582896010276,1291.4,354.49795486010913,HXK4,GOF_20%,0.6889218141763416,1714.0,6856.0
7,0.5297932021732411,0.012780759279069454,1314.8,266.93201381625244,HXK4,GOF_20%,0.6889218141763416,1714.0,6856.0
8,0.5346659867825011,0.011367101319269976,1501.4,410.72716004666654,HXK4,GOF_20%,0.6889218141763416,1714.0,6856.0
9,0.5310331942992338,0.007875386469206963,1336.0,425.48266709702756,HXK4,GOF_20%,0.6889218141763416,1714.0,6856.0
10,0.5305838087663832,0.005406879712867799,1502.4,334.99597012501505,HXK4,GOF_20%,0.6889218141763416,1714.0,6856.0
11,0.5315834799000226,0.006891871148475036,1014.0,512.9449288178995,HXK4,GOF_20%,0.6889218141763416,1714.0,6856.0
1,0.5,0.0,0.0,0.0,HXK4,LOF_10%,0.7743372544890417,7713.0,857.0
2,0.526194137299138,0.015520299273639187,721.0,331.6195108855931,HXK4,LOF_10%,0.7743372544890417,7713.0,857.0
3,0.5437246242154089,0.01677282935807119,860.0,327.85057572009845,HXK4,LOF_10%,0.7743372544890417,7713.0,857.0
4,0.5367089418959845,0.028303676728926523,655.8,280.45712684829385,HXK4,LOF_10%,0.7743372544890417,7713.0,857.0
5,0.5473194417495566,0.01195844961267324,657.0,224.1026550489753,HXK4,LOF_10%,0.7743372544890417,7713.0,857.0
6,0.5558766917470862,0.013633626049076815,640.8,119.33649902691128,HXK4,LOF_10%,0.7743372544890417,7713.0,857.0
7,0.5500308179782227,0.022406808245266183,573.2,247.39684719090502,HXK4,LOF_10%,0.7743372544890417,7713.0,857.0
8,0.5551275904437788,0.020288426861822285,600.4,154.46294053914679,HXK4,LOF_10%,0.7743372544890417,7713.0,857.0
9,0.5548146340279139,0.02433727120005582,551.2,311.49831460218206,HXK4,LOF_10%,0.7743372544890417,7713.0,857.0
10,0.5540209962894949,0.018526025347803305,639.2,220.72426237276227,HXK4,LOF_10%,0.7743372544890417,7713.0,857.0
11,0.5568021126511162,0.014753381916750399,634.4,116.76814634137173,HXK4,LOF_10%,0.7743372544890417,7713.0,857.0
1,0.5,0.0,0.0,0.0,HXK4,LOF_20%,0.7895035938506281,6856.0,1714.0
2,0.5267411956356969,0.019342717006497503,1177.4,331.64559397043104,HXK4,LOF_20%,0.7895035938506281,6856.0,1714.0
3,0.5450645487796493,0.017675861844864794,1422.4,382.7098117373005,HXK4,LOF_20%,0.7895035938506281,6856.0,1714.0
4,0.5439146374630492,0.02955577453255203,1291.0,211.61521684415797,HXK4,LOF_20%,0.7895035938506281,6856.0,1714.0
5,0.5534441160203087,0.013967996590073306,1190.2,338.91916440354925,HXK4,LOF_20%,0.7895035938506281,6856.0,1714.0
6,0.5584422838835816,0.011636488376746804,1095.6,100.17384888282973,HXK4,LOF_20%,0.7895035938506281,6856.0,1714.0
7,0.5598887149259333,0.02041705150109524,1193.6,306.2920175257592,HXK4,LOF_20%,0.7895035938506281,6856.0,1714.0
8,0.5614558562780878,0.01898541338359383,1156.8,271.83671569528644,HXK4,LOF_20%,0.7895035938506281,6856.0,1714.0
9,0.5596259175149809,0.02386051879104294,1125.2,429.0654961657952,HXK4,LOF_20%,0.7895035938506281,6856.0,1714.0
10,0.5576982906568262,0.016001228085583158,1157.6,309.2681684234574,HXK4,LOF_20%,0.7895035938506281,6856.0,1714.0
11,0.5640830601145399,0.012369103970663084,1224.4,202.72838972378784,HXK4,LOF_20%,0.7895035938506281,6856.0,1714.0
1,0.5,0.0,0.0,0.0,PTEN,GOF/LOF,0.8435054319843476,288.0,1079.0
2,0.5236126892997983,0.023501976376166436,219.4,115.51969529045685,PTEN,GOF/LOF,0.8435054319843476,288.0,1079.0
3,0.5660714916659216,0.00966471894822346,235.4,36.36344318130504,PTEN,GOF/LOF,0.8435054319843476,288.0,1079.0
4,0.5705357152666848,0.014646025619704281,236.0,80.36168241145776,PTEN,GOF/LOF,0.8435054319843476,288.0,1079.0
5,0.5663782474653014,0.026007427942022633,256.2,46.526336627763854,PTEN,GOF/LOF,0.8435054319843476,288.0,1079.0
6,0.5763914534230279,0.022034085797921103,248.6,33.84228124698452,PTEN,GOF/LOF,0.8435054319843476,288.0,1079.0
7,0.5765764300016907,0.013884732954390452,240.0,59.36328831862332,PTEN,GOF/LOF,0.8435054319843476,288.0,1079.0
8,0.5852015558314947,0.010335203051934075,296.0,43.174066289845804,PTEN,GOF/LOF,0.8435054319843476,288.0,1079.0
9,0.5889595609330195,0.011546429252280487,298.6,56.58886816327041,PTEN,GOF/LOF,0.8435054319843476,288.0,1079.0
10,0.5963488085629702,0.005931875249457681,224.2,36.71103376370652,PTEN,GOF/LOF,0.8435054319843476,288.0,1079.0
11,0.5940075191948677,0.007269011521373998,225.0,54.92267291383405,PTEN,GOF/LOF,0.8435054319843476,288.0,1079.0
1,0.5,0.0,0.0,0.0,PTEN,GOF_10%,0.662238251957761,726.0,6534.0
2,0.5130616316739071,0.00899251517974856,540.4,215.15413079929468,PTEN,GOF_10%,0.662238251957761,726.0,6534.0
3,0.5112509769871556,0.008789511862476411,720.8,429.7478330370032,PTEN,GOF_10%,0.662238251957761,726.0,6534.0
4,0.5214338941654065,0.007506349233214072,791.4,285.59201669514505,PTEN,GOF_10%,0.662238251957761,726.0,6534.0
5,0.5233826968783083,0.014304695355536539,783.4,124.95119047051932,PTEN,GOF_10%,0.662238251957761,726.0,6534.0
6,0.522804294194159,0.011116242030766648,737.4,160.01499929694089,PTEN,GOF_10%,0.662238251957761,726.0,6534.0
7,0.5263884220269509,0.012590794536493649,819.0,256.99416335784747,PTEN,GOF_10%,0.662238251957761,726.0,6534.0
8,0.5269830807314013,0.014267278762747793,707.4,247.2221672908803,PTEN,GOF_10%,0.662238251957761,726.0,6534.0
9,0.5295452606219543,0.015477450810621659,636.2,283.8718020515599,PTEN,GOF_10%,0.662238251957761,726.0,6534.0
10,0.5338701947502452,0.01042872968544588,760.2,163.3193191266728,PTEN,GOF_10%,0.662238251957761,726.0,6534.0
11,0.5348810629130729,0.008760903310784808,740.2,178.5866736349608,PTEN,GOF_10%,0.662238251957761,726.0,6534.0
1,0.5,0.0,0.0,0.0,PTEN,GOF_20%,0.6819779073606084,1452.0,5808.0
2,0.5189489105370254,0.015254963122745683,1164.0,447.5393837418111,PTEN,GOF_20%,0.6819779073606084,1452.0,5808.0
3,0.5254896460219033,0.018072164716840554,844.0,448.1869029768719,PTEN,GOF_20%,0.6819779073606084,1452.0,5808.0
4,0.5368196803445187,0.0038500942927275385,1180.8,295.7383979127499,PTEN,GOF_20%,0.6819779073606084,1452.0,5808.0
5,0.5375751335536618,0.008788250623252343,1036.4,284.50975378710655,PTEN,GOF_20%,0.6819779073606084,1452.0,5808.0
6,0.5351591636454114,0.008237373900123109,1076.4,343.5255449016856,PTEN,GOF_20%,0.6819779073606084,1452.0,5808.0
7,0.538286893193298,0.005717876227770961,1391.4,300.3444689019593,PTEN,GOF_20%,0.6819779073606084,1452.0,5808.0
8,0.5420073312133838,0.0067730391239742655,1141.6,306.6215908901394,PTEN,GOF_20%,0.6819779073606084,1452.0,5808.0
9,0.5410270859218869,0.00844953874950513,1189.2,227.5877852609845,PTEN,GOF_20%,0.6819779073606084,1452.0,5808.0
10,0.5453763732463455,0.006378364101308673,1227.6,177.92357910069143,PTEN,GOF_20%,0.6819779073606084,1452.0,5808.0
11,0.5458045384253125,0.007050238817150492,1071.6,154.03830692395968,PTEN,GOF_20%,0.6819779073606084,1452.0,5808.0
1,0.5,0.0,0.0,0.0,PTEN,LOF_10%,0.8658658544709134,6534.0,726.0
2,0.5323120989473885,0.026699208545668224,479.4,164.34354261728691,PTEN,LOF_10%,0.8658658544709134,6534.0,726.0
3,0.5447864688567047,0.01612238308623468,509.6,237.6863479461957,PTEN,LOF_10%,0.8658658544709134,6534.0,726.0
4,0.557198814241664,0.02704060646092438,548.4,157.10760643584385,PTEN,LOF_10%,0.8658658544709134,6534.0,726.0
5,0.5617945654619302,0.02895575789741337,484.0,232.606964642076,PTEN,LOF_10%,0.8658658544709134,6534.0,726.0
6,0.5575092647093203,0.030761357931140897,410.0,271.10145702301196,PTEN,LOF_10%,0.8658658544709134,6534.0,726.0
7,0.5653094186939386,0.022781330784684348,489.6,202.56554494780204,PTEN,LOF_10%,0.8658658544709134,6534.0,726.0
8,0.5732509756690215,0.023377356460871922,455.2,137.2705358043014,PTEN,LOF_10%,0.8658658544709134,6534.0,726.0
9,0.5649673343474322,0.024666175031702584,346.0,241.8098426450007,PTEN,LOF_10%,0.8658658544709134,6534.0,726.0
10,0.5730844463662459,0.025420281043914385,353.6,117.29791131985259,PTEN,LOF_10%,0.8658658544709134,6534.0,726.0
11,0.5705621929127369,0.025334616545301697,380.8,224.16779429703993,PTEN,LOF_10%,0.8658658544709134,6534.0,726.0
1,0.5,0.0,0.0,0.0,PTEN,LOF_20%,0.8424957928268408,5808.0,1452.0
2,0.5385513809739362,0.025465164090290756,847.6,242.48773164842794,PTEN,LOF_20%,0.8424957928268408,5808.0,1452.0
3,0.551596760092208,0.014627697519163017,1123.6,374.3965811809718,PTEN,LOF_20%,0.8424957928268408,5808.0,1452.0
4,0.5621207368190408,0.022747852265957588,924.0,91.67333309092672,PTEN,LOF_20%,0.8424957928268408,5808.0,1452.0
5,0.5623745975883766,0.019867097275121363,796.4,289.4802238495749,PTEN,LOF_20%,0.8424957928268408,5808.0,1452.0
6,0.5673661924275539,0.023750854148068032,695.2,359.52635508401886,PTEN,LOF_20%,0.8424957928268408,5808.0,1452.0
7,0.5742146631990683,0.017722684503077783,807.6,300.7769938010552,PTEN,LOF_20%,0.8424957928268408,5808.0,1452.0
8,0.5798140644451217,0.018338607129175667,827.6,366.53894745306394,PTEN,LOF_20%,0.8424957928268408,5808.0,1452.0
9,0.5728478863125824,0.01814595515143569,650.0,375.2812278811718,PTEN,LOF_20%,0.8424957928268408,5808.0,1452.0
10,0.5776977187229956,0.020043273641216768,631.6,155.26364674320902,PTEN,LOF_20%,0.8424957928268408,5808.0,1452.0
11,0.5750420608826545,0.020857293343266088,710.0,385.9818648589594,PTEN,LOF_20%,0.8424957928268408,5808.0,1452.0
1,0.5,0.0,0.0,0.0,SRC,GOF/LOF,0.7482102141125369,396.0,1679.0
2,0.5297910279087776,0.02256041958090289,369.6,155.3344778212487,SRC,GOF/LOF,0.7482102141125369,396.0,1679.0
3,0.5236288650081657,0.011752953017698105,419.2,171.96860178532592,SRC,GOF/LOF,0.7482102141125369,396.0,1679.0
4,0.5314674034084607,0.007791913188761431,310.6,212.9572727098091,SRC,GOF/LOF,0.7482102141125369,396.0,1679.0
5,0.5467375269280764,0.02056971514632217,316.2,128.81071384011503,SRC,GOF/LOF,0.7482102141125369,396.0,1679.0
6,0.5530878760233857,0.02591945314842212,239.8,143.3917710330687,SRC,GOF/LOF,0.7482102141125369,396.0,1679.0
7,0.5578630714735935,0.011607071822788249,378.0,122.12493602864241,SRC,GOF/LOF,0.7482102141125369,396.0,1679.0
8,0.5642191834812322,0.0166727517600142,224.8,84.09340045449464,SRC,GOF/LOF,0.7482102141125369,396.0,1679.0
9,0.5595484371062407,0.015431804605326394,265.8,66.43944611448835,SRC,GOF/LOF,0.7482102141125369,396.0,1679.0
10,0.5761913935954276,0.015823751247480068,280.2,77.28001035196618,SRC,GOF/LOF,0.7482102141125369,396.0,1679.0
11,0.5857564319711371,0.016672305094005066,283.8,98.03162754948018,SRC,GOF/LOF,0.7482102141125369,396.0,1679.0
1,0.5,0.0,0.0,0.0,SRC,GOF_10%,0.545918487256709,364.0,3273.0
2,0.5236621548284355,0.03381456388246852,355.2,169.11889309003888,SRC,GOF_10%,0.545918487256709,364.0,3273.0
3,0.5317534051737959,0.01770692969655865,327.0,171.07600650003494,SRC,GOF_10%,0.545918487256709,364.0,3273.0
4,0.5259859835863687,0.017048197739197236,169.4,122.2857309746317,SRC,GOF_10%,0.545918487256709,364.0,3273.0
5,0.5422964577334002,0.028311432335364945,294.8,185.91853054496747,SRC,GOF_10%,0.545918487256709,364.0,3273.0
6,0.5435355980195323,0.021320928949920406,250.8,203.19128918337026,SRC,GOF_10%,0.545918487256709,364.0,3273.0
7,0.5478069221285095,0.04136883516545978,201.0,141.26216761751888,SRC,GOF_10%,0.545918487256709,364.0,3273.0
8,0.5546052864075321,0.033339335408219185,280.8,77.99487162628067,SRC,GOF_10%,0.545918487256709,364.0,3273.0
9,0.5509213640028243,0.026200655965256742,195.2,105.28627640865642,SRC,GOF_10%,0.545918487256709,364.0,3273.0
10,0.5685217092944131,0.03136066509490029,333.2,96.68091848963786,SRC,GOF_10%,0.545918487256709,364.0,3273.0
11,0.5680254730086369,0.03668391701986322,216.4,106.26758677978906,SRC,GOF_10%,0.545918487256709,364.0,3273.0
1,0.5,0.0,0.0,0.0,SRC,GOF_20%,0.6190011861634412,728.0,2909.0
2,0.5204182977695525,0.02499117162690869,567.6,322.03074387393514,SRC,GOF_20%,0.6190011861634412,728.0,2909.0
3,0.5195037159306193,0.011956376010051119,761.0,222.62973745661202,SRC,GOF_20%,0.6190011861634412,728.0,2909.0
4,0.5260835324761757,0.008437447102563729,350.2,299.6150864025375,SRC,GOF_20%,0.6190011861634412,728.0,2909.0
5,0.5309461375025013,0.01398773426415573,496.4,317.3520127555519,SRC,GOF_20%,0.6190011861634412,728.0,2909.0
6,0.5383519701811886,0.023229924582221118,459.6,323.43360987998756,SRC,GOF_20%,0.6190011861634412,728.0,2909.0
7,0.5450024261059424,0.016164931501182204,659.0,126.90547663517125,SRC,GOF_20%,0.6190011861634412,728.0,2909.0
8,0.5503857705315209,0.01017217652434914,554.8,188.02446649306043,SRC,GOF_20%,0.6190011861634412,728.0,2909.0
9,0.5452771283352156,0.01194062320862058,526.0,173.81024135533556,SRC,GOF_20%,0.6190011861634412,728.0,2909.0
10,0.557251167747614,0.016485264195169318,582.0,178.6896751354146,SRC,GOF_20%,0.6190011861634412,728.0,2909.0
11,0.5613648866365225,0.023011209595766694,555.6,157.13942853402514,SRC,GOF_20%,0.6190011861634412,728.0,2909.0
1,0.5,0.0,0.0,0.0,SRC,LOF_10%,0.7899329512528412,3273.0,364.0
2,0.5205242957928207,0.017062187027299114,350.0,178.93574265640726,SRC,LOF_10%,0.7899329512528412,3273.0,364.0
3,0.5139699992518219,0.016049712844494267,350.8,131.29051755553408,SRC,LOF_10%,0.7899329512528412,3273.0,364.0
4,0.5370445027415759,0.013753087659484277,312.6,177.25631159425606,SRC,LOF_10%,0.7899329512528412,3273.0,364.0
5,0.5323923092267118,0.016530025246291925,211.8,71.59748598938374,SRC,LOF_10%,0.7899329512528412,3273.0,364.0
6,0.5318272116570592,0.02140176453045965,335.4,51.505339529023594,SRC,LOF_10%,0.7899329512528412,3273.0,364.0
7,0.5401758157560279,0.00873187605299356,322.6,106.77452879783642,SRC,LOF_10%,0.7899329512528412,3273.0,364.0
8,0.545667118390413,0.014435116271534579,327.2,115.7289937742483,SRC,LOF_10%,0.7899329512528412,3273.0,364.0
9,0.5427438288942344,0.010922418186447985,234.0,107.53604047016053,SRC,LOF_10%,0.7899329512528412,3273.0,364.0
10,0.5499350781836297,0.017433475873132324,326.8,111.85347558301441,SRC,LOF_10%,0.7899329512528412,3273.0,364.0
11,0.5558241218568816,0.02294492605166712,357.2,57.490868840190615,SRC,LOF_10%,0.7899329512528412,3273.0,364.0
1,0.5,0.0,0.0,0.0,SRC,LOF_20%,0.8017392971414973,2909.0,728.0
2,0.5143947817488963,0.007350739971773025,664.6,306.56940486617384,SRC,LOF_20%,0.8017392971414973,2909.0,728.0
3,0.5146478507395628,0.01401853882148385,506.8,271.3654362663013,SRC,LOF_20%,0.8017392971414973,2909.0,728.0
4,0.53120253095972,0.015875015509691122,598.2,288.2571768404041,SRC,LOF_20%,0.8017392971414973,2909.0,728.0
5,0.5339761492157097,0.01364360799736842,416.8,138.9629447010965,SRC,LOF_20%,0.8017392971414973,2909.0,728.0
6,0.5359948326725472,0.013883992627857705,701.2,179.29221957463744,SRC,LOF_20%,0.8017392971414973,2909.0,728.0
7,0.546537381632747,0.009323682243866862,544.2,159.81301574027066,SRC,LOF_20%,0.8017392971414973,2909.0,728.0
8,0.5449633601891718,0.015270240557908347,568.8,254.4114777285019,SRC,LOF_20%,0.8017392971414973,2909.0,728.0
9,0.5476915488554595,0.01629811002295921,483.2,228.70330124421028,SRC,LOF_20%,0.8017392971414973,2909.0,728.0
10,0.5592501396735902,0.011074711919498437,578.4,213.25759072070565,SRC,LOF_20%,0.8017392971414973,2909.0,728.0
11,0.561461603950088,0.020461700213085045,566.4,166.22514851850786,SRC,LOF_20%,0.8017392971414973,2909.0,728.0
